{"cameraMode":{"drawMode":0,"name":"Shaded","section":"Shading Mode"},"sceneLighting":true,"audioPlay":false,"sceneViewState":{"showFog":true,"showMaterialUpdate":false,"showSkybox":true,"showFlares":true,"showImageEffects":true,"showParticleSystems":true},"in2DMode":false,"pivot":{"x":-6.170223236083984,"y":-0.5613842010498047,"z":-0.0072841644287109379},"rotation":{"x":0.004446495324373245,"y":0.9777446985244751,"z":-0.20871536433696748,"w":0.020830130204558374},"size":15.032684326171875,"orthographic":false}